"Student","Class","Method","Antipattern","Details"
"""escaipe-room-beta-and-final-team-10""","""DifficultyController""","""onClickContinue""","""Enum Misuse""","```json
{
  ""details"": ""The 'Enum Misuse' antipattern occurs when enums are used inappropriately, such as for comparison or control flow, instead of leveraging their intended purpose of representing a fixed set of constants. In the 'onClickContinue' method of the 'DifficultyController' class, using enum comparisons can lead to code that is less flexible and harder to maintain,"
"""escaipe-room-beta-and-final-team-10""","""DifficultyController""","""onClickContinue""","""Enum Misuse""","```json
{
  ""details"": ""The 'Enum Misuse' antipattern occurs when enums are used inappropriately, such as for comparison or control flow, instead of leveraging their intended purpose of representing a fixed set of constants. In the 'onClickContinue' method of the 'DifficultyController' class, using enum comparisons can lead to code that is less flexible and harder to maintain,"
"""escaipe-room-beta-and-final-team-10""","""DifficultyController""","""onClickContinue""","""Enum Misuse""","```json
{
  ""details"": ""The 'Enum Misuse' antipattern occurs when enums are used inappropriately, such as for comparison or control flow, instead of leveraging their intended purpose of representing a fixed set of constants. In the 'onClickContinue' method of the 'DifficultyController' class, using enum comparisons can lead to code that is less flexible and harder to maintain,"
"""escaipe-room-beta-and-final-team-26""","""SceneManager""","""getCurrentController""","""Enum Misuse""","```json
{
  ""details"": ""The 'Enum Misuse' antipattern occurs when enums are used inappropriately, such as for control flow or state management, instead of using them for their intended purpose of representing a fixed set of constants. In the 'getCurrentController' method of the 'SceneManager' class, using enum comparison can lead to code that is difficult to maintain and"
"""escaipe-room-beta-and-final-team-26""","""SceneManager""","""getCurrentController""","""Enum Misuse""","```json
{
  ""details"": ""The 'Enum Misuse' antipattern occurs when enums are used inappropriately, such as for control flow or state management, instead of using them for their intended purpose of representing a fixed set of constants. In the 'getCurrentController' method of the 'SceneManager' class, using enum comparison can lead to code that is difficult to maintain and"
"""escaipe-room-beta-and-final-team-26""","""SceneManager""","""getCurrentController""","""Enum Misuse""","```json
{
  ""details"": ""The 'Enum Misuse' antipattern occurs when enums are used inappropriately, such as for control flow or state management, instead of using them for their intended purpose of representing a fixed set of constants. In the 'getCurrentController' method of the 'SceneManager' class, using enum comparison can lead to code that is difficult to maintain and"
"""escaipe-room-beta-and-final-team-25""","""HackerAiManager""","""getQuickHint""","""Enum Misuse""","```json
{ ""details"": ""The 'Enum Misuse' antipattern occurs when enums are used inappropriately, such as for comparison or control flow, instead of leveraging their intended purpose of representing a fixed set of constants. In the context of the 'getQuickHint' method in the 'HackerAiManager' class, using enum comparisons can lead to code that is less flexible,"
"""escaipe-room-beta-and-final-team-25""","""HackerAiManager""","""getQuickHint""","""Enum Misuse""","```json
{ ""details"": ""The 'Enum Misuse' antipattern occurs when enums are used inappropriately, such as for comparison or control flow, instead of leveraging their intended purpose of representing a fixed set of constants. In the context of the 'getQuickHint' method in the 'HackerAiManager' class, using enum comparisons can lead to code that is less flexible,"
"""escaipe-room-beta-and-final-team-25""","""HackerAiManager""","""processInput""","""Enum Misuse""","```json
{
  ""details"": ""The 'Enum Misuse' antipattern occurs when enums are used inappropriately, such as for comparison or control flow, instead of their intended purpose of representing a fixed set of constants. In the 'processInput' method of the 'HackerAiManager' class, using enum comparisons can lead to code that is less flexible, harder to maintain,"
"""escaipe-room-beta-and-final-team-25""","""HackerAiManager""","""processInput""","""Enum Misuse""","```json
{
  ""details"": ""The 'Enum Misuse' antipattern occurs when enums are used inappropriately, such as for comparison or control flow, instead of their intended purpose of representing a fixed set of constants. In the 'processInput' method of the 'HackerAiManager' class, using enum comparisons can lead to code that is less flexible, harder to maintain,"
"""escaipe-room-beta-and-final-team-25""","""GameManager""","""createGame""","""Enum Usage""","```json
{ ""details"": ""The 'Enum Usage' antipattern occurs when an enumeration is used inappropriately, often leading to a mix of responsibilities. In the 'createGame' method of the 'GameManager' class, the use of enums for object creation alongside execution logic can lead to code that is difficult to maintain and extend. This mixing of concerns can result in a violation of"
"""escaipe-room-beta-and-final-team-25""","""GameManager""","""getDifficultyString""","""Enum Usage""","```json
{ ""details"": ""The 'Enum Usage' antipattern occurs when an enumeration is used in a way that combines object creation with execution logic, leading to tightly coupled code that is difficult to maintain and extend. In the method 'getDifficultyString' of the 'GameManager' class, this mixing of responsibilities can make it challenging to modify the behavior of the enum or to add new"
"""escaipe-room-beta-and-final-team-25""","""GameManager""","""completeObjective""","""Enum Misuse""","```json
{
  ""details"": ""The 'Enum Misuse' antipattern occurs when enums are used inappropriately, such as for comparison in a way that violates their intended purpose. Enums should represent a fixed set of constants, but using them for comparison can lead to code that is hard to maintain and understand. In the 'completeObjective' method of the 'GameManager' class"
"""escaipe-room-beta-and-final-team-25""","""GameManager""","""completeObjective""","""Enum Misuse""","```json
{
  ""details"": ""The 'Enum Misuse' antipattern occurs when enums are used inappropriately, such as for comparison in a way that violates their intended purpose. Enums should represent a fixed set of constants, but using them for comparison can lead to code that is hard to maintain and understand. In the 'completeObjective' method of the 'GameManager' class"
"""escaipe-room-beta-and-final-team-25""","""GameManager""","""completeObjective""","""Enum Misuse""","```json
{
  ""details"": ""The 'Enum Misuse' antipattern occurs when enums are used inappropriately, such as for comparison in a way that violates their intended purpose. Enums should represent a fixed set of constants, but using them for comparison can lead to code that is hard to maintain and understand. In the 'completeObjective' method of the 'GameManager' class"
"""escaipe-room-beta-and-final-team-25""","""GameManager""","""completeObjective""","""Enum Misuse""","```json
{
  ""details"": ""The 'Enum Misuse' antipattern occurs when enums are used inappropriately, such as for comparison in a way that violates their intended purpose. Enums should represent a fixed set of constants, but using them for comparison can lead to code that is hard to maintain and understand. In the 'completeObjective' method of the 'GameManager' class"
"""escaipe-room-beta-and-final-team-25""","""GameManager""","""completeObjective""","""Enum Misuse""","```json
{
  ""details"": ""The 'Enum Misuse' antipattern occurs when enums are used inappropriately, such as for comparison in a way that violates their intended purpose. Enums should represent a fixed set of constants, but using them for comparison can lead to code that is hard to maintain and understand. In the 'completeObjective' method of the 'GameManager' class"
"""escaipe-room-beta-and-final-team-25""","""GameManager""","""completeObjective""","""Enum Misuse""","```json
{
  ""details"": ""The 'Enum Misuse' antipattern occurs when enums are used inappropriately, such as for comparison in a way that violates their intended purpose. Enums should represent a fixed set of constants, but using them for comparison can lead to code that is hard to maintain and understand. In the 'completeObjective' method of the 'GameManager' class"
"""escaipe-room-beta-and-final-team-25""","""GameManager""","""completeObjective""","""Enum Misuse""","```json
{
  ""details"": ""The 'Enum Misuse' antipattern occurs when enums are used inappropriately, such as for comparison in a way that violates their intended purpose. Enums should represent a fixed set of constants, but using them for comparison can lead to code that is hard to maintain and understand. In the 'completeObjective' method of the 'GameManager' class"
"""escaipe-room-beta-and-final-team-25""","""GameManager""","""completeObjective""","""Enum Usage""","```json
{ ""details"": ""The 'Enum Usage' antipattern occurs when an enumeration is used in a way that combines object creation with execution logic, leading to a violation of the Single Responsibility Principle. In the 'completeObjective' method of the 'GameManager' class, using enums to dictate behavior can make the code less flexible and harder to maintain, as it tightly couples the logic to"
"""escaipe-room-beta-and-final-team-25""","""GameManager""","""getObjectiveString""","""Enum Usage""","```json
{ ""details"": ""The 'Enum Usage' antipattern occurs when an enumeration is used in a way that combines object creation with execution logic, leading to tightly coupled code that is difficult to maintain and extend. In the method 'getObjectiveString' of the 'GameManager' class, this mixing of responsibilities can result in a violation of the Single Responsibility Principle, making the code less"
"""escaipe-room-beta-and-final-team-27""","""GameOverController""","""""","""Redundant Inheritance""","```json
{ ""details"": ""Redundant Inheritance occurs when a class inherits from a superclass but does not override or reuse any of its methods. This leads to unnecessary complexity in the class hierarchy, as the subclass does not gain any functional benefits from the inheritance. In the case of 'GameOverController', if it simply inherits from a superclass without implementing or utilizing any of its methods, it"
"""escaipe-room-beta-and-final-team-05""","""PopupController""","""getNextHighlightState""","""Enum Usage""","```json
{ ""details"": ""The 'Enum Usage' antipattern occurs when an enumeration is used in a way that combines object creation with execution logic, leading to tightly coupled code that is difficult to maintain and extend. In the method 'getNextHighlightState' of the 'PopupController' class, the use of a switch statement to handle different enum values can result in a scenario where adding"
"""escaipe-room-beta-and-final-team-05""","""ComputerTile""","""initalizeConnections""","""Enum Usage""","```json
{ ""details"": ""Using enums for object creation can lead to a mix of responsibilities, where the enum is not only defining constants but also handling logic related to object instantiation. This can make the code harder to maintain and understand, as it blurs the lines between data representation and behavior."" }
```"
"""escaipe-room-beta-and-final-team-05""","""NavigationComputerPuzzleController""","""startFlashing""","""Enum Misuse""","```json
{
  ""details"": ""The 'Enum Misuse' antipattern occurs when enums are used for purposes they were not intended for, such as performing comparisons or representing states that could be better handled with other data structures. In the context of the 'startFlashing' method in the 'NavigationComputerPuzzleController' class, using enum comparisons can lead to code that is less flexible,"
"""escaipe-room-beta-and-final-team-05""","""NavigationComputerPuzzleController""","""onTilesClicked""","""Enum Misuse""","```json
{
  ""details"": ""The 'Enum Misuse' antipattern occurs when enums are used inappropriately, such as for comparison or control flow, instead of their intended purpose of representing a fixed set of constants. In the method 'onTilesClicked' of the 'NavigationComputerPuzzleController' class, using enum comparisons can lead to code that is less flexible and harder to maintain"
"""escaipe-room-beta-and-final-team-37""","""GptAndTextAreaManager""","""sendMessage""","""Enum Misuse""","```json
{ ""details"": ""The 'Enum Misuse' antipattern occurs when enums are used for purposes they were not intended for, such as for comparison in a way that leads to unclear or error-prone code. In the context of the 'sendMessage' method in the 'GptAndTextAreaManager' class, using enum comparisons can lead to issues with maintainability and readability"
"""escaipe-room-beta-and-final-team-37""","""GptAndTextAreaManager""","""sendMessage""","""Enum Misuse""","```json
{ ""details"": ""The 'Enum Misuse' antipattern occurs when enums are used for purposes they were not intended for, such as for comparison in a way that leads to unclear or error-prone code. In the context of the 'sendMessage' method in the 'GptAndTextAreaManager' class, using enum comparisons can lead to issues with maintainability and readability"
"""escaipe-room-beta-and-final-team-37""","""GptAndTextAreaManager""","""sendMessage""","""Enum Misuse""","```json
{ ""details"": ""The 'Enum Misuse' antipattern occurs when enums are used for purposes they were not intended for, such as for comparison in a way that leads to unclear or error-prone code. In the context of the 'sendMessage' method in the 'GptAndTextAreaManager' class, using enum comparisons can lead to issues with maintainability and readability"
"""escaipe-room-beta-and-final-team-37""","""GptAndTextAreaManager""","""sendMessage""","""Enum Misuse""","```json
{ ""details"": ""The 'Enum Misuse' antipattern occurs when enums are used for purposes they were not intended for, such as for comparison in a way that leads to unclear or error-prone code. In the context of the 'sendMessage' method in the 'GptAndTextAreaManager' class, using enum comparisons can lead to issues with maintainability and readability"
"""escaipe-room-beta-and-final-team-37""","""GptAndTextAreaManager""","""runGpt""","""Enum Misuse""","```json
{
  ""details"": ""The 'Enum Misuse' antipattern occurs when enums are used inappropriately, such as for comparison or control flow, rather than for their intended purpose of representing a fixed set of constants. In the context of the 'runGpt' method within the 'GptAndTextAreaManager' class, using enum comparisons can lead to code that is"
"""escaipe-room-beta-and-final-team-37""","""GptAndTextAreaManager""","""runGpt""","""Enum Misuse""","```json
{
  ""details"": ""The 'Enum Misuse' antipattern occurs when enums are used inappropriately, such as for comparison or control flow, rather than for their intended purpose of representing a fixed set of constants. In the context of the 'runGpt' method within the 'GptAndTextAreaManager' class, using enum comparisons can lead to code that is"
"""escaipe-room-beta-and-final-team-37""","""GptAndTextAreaManager""","""runGpt""","""Enum Misuse""","```json
{
  ""details"": ""The 'Enum Misuse' antipattern occurs when enums are used inappropriately, such as for comparison or control flow, rather than for their intended purpose of representing a fixed set of constants. In the context of the 'runGpt' method within the 'GptAndTextAreaManager' class, using enum comparisons can lead to code that is"
"""escaipe-room-beta-and-final-team-15""","""GlitchSound;Sound""","""void play()""","""Missing Inheritance""","```json
{ ""details"": ""The 'Missing Inheritance' antipattern occurs when multiple classes define the same method, such as 'void play()', but do not share a common superclass or interface. This leads to code duplication and inconsistency, making it harder to maintain and extend the codebase. In this case, 'GlitchSound' and 'Sound' both implement 'play()'"
"""escaipe-room-beta-and-final-team-15""","""GlitchSound;Sound""","""void stop()""","""Missing Inheritance""","```json
{
  ""details"": ""The 'Missing Inheritance' antipattern occurs when multiple classes define the same method, such as 'void stop()', but do not share a common superclass or interface. This leads to code duplication and inconsistency, making it harder to maintain and extend the codebase. In this case, both 'GlitchSound' and 'Sound' implement the 'stop"
